Name,Kategorie,Breitengrad,Laengengrad
Streuli,Gruenflaeche,47.3632472,8.565104
Kasernenwiese,Gruenflaeche,47.3767158,8.5317966
Mentona-Moser-Anlage,Gruenflaeche,47.3745754,8.5283127
Platzpromenade,Gruenflaeche,47.3808466,8.5400158
Bäckeranlage,Gruenflaeche,47.3778163,8.5236128
Rieterpark,Gruenflaeche,47.357878,8.5305136
Belvoirpark,Gruenflaeche,47.356953,8.5334758
MFO-Park,Gruenflaeche,47.4121112,8.5402318
Pestalozzianlage,Gruenflaeche,47.3755915,8.5387409
Louis-Häfliger-Park,Gruenflaeche,47.4125813,8.5336226
Blatterwiese,Gruenflaeche,47.3545453,8.5511413
Stolzewiese,Gruenflaeche,47.3864003,8.546772
Beckenhof,Gruenflaeche,47.3849003,8.5408567
Pfingstweidpark,Gruenflaeche,47.3878188,8.5129224
Alfred-Altherr-Terrasse,Gruenflaeche,47.395091,8.5525326
Fritschiwiese,Gruenflaeche,47.3761404,8.5120801
Klingenpark,Gruenflaeche,47.3825704,8.5351408
Landiwiese,Gruenflaeche,47.3504188,8.5353147
Saffa-Insel,Gruenflaeche,47.3497311,8.5366096
Josefwiese,Gruenflaeche,47.3857455,8.5233768
Wipkingerpark,Gruenflaeche,47.3924823,8.5218918
Schütze-Areal,Gruenflaeche,47.3895071,8.5236208
Chinagarten Zürich,Gruenflaeche,47.354972,8.5519914
Kurt-Guggenheim-Anlage,Gruenflaeche,47.3669359,8.5400549
Gustav-Ammann-Park,Gruenflaeche,47.411265,8.534494
Heiligfeld,Gruenflaeche,47.3796335,8.503786
Hardaupark,Gruenflaeche,47.379498,8.5095681
Gemeinschaftszentrum Loogarten,Gruenflaeche,47.3879572,8.4727653
Schindlergut,Gruenflaeche,47.3861084,8.5367367
Neumünsteranlage,Gruenflaeche,47.3607575,8.5592629
Bullingerhof,Gruenflaeche,47.3793204,8.5132225
Landenbergpark,Gruenflaeche,47.3922485,8.5274561
GZ Buchegg,Gruenflaeche,47.3996114,8.5353393
Freibad Dolder,Gruenflaeche,47.3759114,8.5752471
Stadelhoferplatz,Gruenflaeche,47.3660975,8.5476238
Leutschenpark,Gruenflaeche,47.417553,8.5561095
Seeburgpark,Gruenflaeche,47.3604163,8.5562698
J.-R.-von-Salis-Anlage,Gruenflaeche,47.3725284,8.5470479
Emil-Oberhänsli-Anlage,Gruenflaeche,47.417635,8.5451713
Irchelpark,Gruenflaeche,47.3980974,8.5445027
Spielwiese Waldgarten,Gruenflaeche,47.4043091,8.5546982
Basteiplatz,Gruenflaeche,47.3698903,8.5361712
Panther-Anlage,Gruenflaeche,47.3514719,8.5596032
Kluspark,Gruenflaeche,47.3642232,8.5646219
Rigiplatzanlage,Gruenflaeche,47.3846534,8.5486609
Weinbergpark,Gruenflaeche,47.3791752,8.5445765
Muraltengut,Gruenflaeche,47.3532758,8.532653
Kollerwiese,Gruenflaeche,47.3682223,8.5187324
Merkurplatz,Gruenflaeche,47.3672337,8.5553138
Rechberggarten,Gruenflaeche,47.3731828,8.5483652
Rieterplatz,Gruenflaeche,47.3564308,8.526583
Schlössliareal,Gruenflaeche,47.3819146,8.5583579
Savera-Areal,Gruenflaeche,47.345955,8.5356322
Albert-Steiner-Garten,Gruenflaeche,47.4086163,8.5097394
Minigolf Sperletwies,Gruenflaeche,47.4249785,8.5490306
Patumbah-Park,Gruenflaeche,47.3570078,8.5591704
FKK-Bereich,Gruenflaeche,47.4016152,8.4845034
Villa Bleuler,Gruenflaeche,47.3619508,8.5554325
Villa Hohenbühl,Gruenflaeche,47.3663903,8.5505802
Andreaspark,Gruenflaeche,47.4134869,8.5555627
Kartoffelmarkt,Gruenflaeche,47.368223,8.5463978
Park Museum für Gestaltung,Gruenflaeche,47.3827145,8.5364005
Auf der Egg,Gruenflaeche,47.3405749,8.5326447
Findlingsgarten Kappenbühl,Gruenflaeche,47.4063888,8.4998227
Wahlenpark,Gruenflaeche,47.4156871,8.541063
Hohe Promenade,Gruenflaeche,47.3682093,8.5482879
Oerlikerpark,Gruenflaeche,47.4148362,8.53793
Platanenhof,Gruenflaeche,47.3940254,8.5410926
Steinhof,Gruenflaeche,47.3932988,8.5399011
Quartierpark Rosengarten,Gruenflaeche,47.396097,8.5285543
Erismannhof,Gruenflaeche,47.3795035,8.5195532
Hundeversäuberungsplatz,Gruenflaeche,47.3702251,8.5470566
Stadtoase VGZ,Gruenflaeche,47.3777829,8.5703052
Quartierpark Berghalden,Gruenflaeche,47.3584243,8.5903752
Schörli-Grünzug,Gruenflaeche,47.4099012,8.561378
Testanlage für Staudenmischpflanzungen,Gruenflaeche,47.4095727,8.5547445
Schärenmooswiese,Gruenflaeche,47.4212876,8.5523257
Quartierpark Josef-Areal,Gruenflaeche,47.3867323,8.5220099
Vorplatz Globusprovisorium,Gruenflaeche,47.3758564,8.5422164
Guggach,Gruenflaeche,47.4025755,8.5336848
Kasernenareal,Gruenflaeche,47.3764277,8.5312231
Herdernwiese,Gruenflaeche,47.3847609,8.5075906
Ueberlandpark,Gruenflaeche,47.4075275,8.5659979
Koch-Park,Gruenflaeche,47.3815743,8.4933618
Klopstockwiese,Gruenflaeche,47.3620784,8.5246388
Artergut,Gruenflaeche,47.366175,8.5548866
Arboretum,Gruenflaeche,47.3627769,8.5363316
Zeughaushof,Gruenflaeche,47.3771605,8.5300685
Bürkliterrasse,Gruenflaeche,47.3661462,8.5411728
Dachgarten,Gruenflaeche,47.3909598,8.5121451
Park Einfang,Gruenflaeche,47.416353,8.5130927
Jonas-Furrer-Park,Gruenflaeche,47.4189975,8.5093917
Bellevue,Oeffentlicher Verkehr,47.367271,8.5450237
Wipkingerplatz,Oeffentlicher Verkehr,47.3926467,8.5233842
Förrlibuckstrasse,Oeffentlicher Verkehr,47.3923518,8.5170726
Fischerweg,Oeffentlicher Verkehr,47.3936998,8.5121347
Bernoulli-Häuser,Oeffentlicher Verkehr,47.3938666,8.5084469
Hardhof,Oeffentlicher Verkehr,47.3964683,8.497348
Tüffenwies,Oeffentlicher Verkehr,47.3970701,8.4938689
Grünaustrasse,Oeffentlicher Verkehr,47.3952221,8.4895045
Albisrieden,Oeffentlicher Verkehr,47.3742885,8.4850725
Milchbuck,Oeffentlicher Verkehr,47.398139,8.542147
Rennweg,Oeffentlicher Verkehr,47.3729556,8.5382656
Messe/Hallenstadion,Oeffentlicher Verkehr,47.410926,8.5510379
Central,Oeffentlicher Verkehr,47.3767194,8.5435274
Hirzenbach,Oeffentlicher Verkehr,47.40316,8.5910052
Altried,Oeffentlicher Verkehr,47.4054209,8.5916763
Kirche Fluntern,Oeffentlicher Verkehr,47.3765722,8.559785
Haldenegg,Oeffentlicher Verkehr,47.3791528,8.5449835
Guggachstrasse,Oeffentlicher Verkehr,47.3959225,8.5403337
Bahnhofstrasse/HB,Oeffentlicher Verkehr,47.3759151,8.5393345
Waldgarten,Oeffentlicher Verkehr,47.4037923,8.5575282
Tierspital,Oeffentlicher Verkehr,47.4018505,8.5522124
Ueberlandpark,Oeffentlicher Verkehr,47.406113,8.564176
Universität Irchel,Oeffentlicher Verkehr,47.396269,8.5445081
Kinkelstrasse,Oeffentlicher Verkehr,47.389065,8.546298
Letzistrasse,Oeffentlicher Verkehr,47.3908767,8.545433
ETH/Universitätsspital,Oeffentlicher Verkehr,47.377863,8.5481709
Paradeplatz,Oeffentlicher Verkehr,47.3695673,8.5387582
Sihlquai/HB,Oeffentlicher Verkehr,47.3797805,8.537427
Zoo,Oeffentlicher Verkehr,47.3816689,8.571624
Heerenwiesen,Oeffentlicher Verkehr,47.4048997,8.576532
Luegisland,Oeffentlicher Verkehr,47.4060555,8.581484
Luchswiesen,Oeffentlicher Verkehr,47.4067483,8.5857019
Klusplatz,Oeffentlicher Verkehr,47.3640195,8.566214
Auzelg,Oeffentlicher Verkehr,47.4170733,8.5690626
Bürkliplatz,Oeffentlicher Verkehr,47.3665839,8.5417236
Werdhölzli,Oeffentlicher Verkehr,47.3977264,8.482058
Hardturm,Oeffentlicher Verkehr,47.3947138,8.5042811
Hardplatz,Oeffentlicher Verkehr,47.3822219,8.5154754
Seebach,Oeffentlicher Verkehr,47.4217272,8.5500203
Technopark,Oeffentlicher Verkehr,47.389159,8.5150562
Bahnhof Stadelhofen,Oeffentlicher Verkehr,47.3661068,8.5480888
Sportweg,Oeffentlicher Verkehr,47.3916922,8.5056227
Bucheggplatz,Oeffentlicher Verkehr,47.3985235,8.5327079
Aargauerstrasse,Oeffentlicher Verkehr,47.3921122,8.5021905
Würzgraben,Oeffentlicher Verkehr,47.3921025,8.4945435
Bahnhof Stettbach,Oeffentlicher Verkehr,47.3976368,8.5959421
Hirschwiesenstrasse,Oeffentlicher Verkehr,47.4003795,8.5437037
Bahnhof Tiefenbrunnen,Oeffentlicher Verkehr,47.3505894,8.5609542
Glattwiesen,Oeffentlicher Verkehr,47.4017146,8.5815058
Mattenhof,Oeffentlicher Verkehr,47.3987977,8.5907499
Schwamendingerplatz,Oeffentlicher Verkehr,47.4046103,8.5718672
Schiffbau,Oeffentlicher Verkehr,47.3876263,8.5194555
Toni-Areal,Oeffentlicher Verkehr,47.3902736,8.5104592
Bahnhof Altstetten Nord,Oeffentlicher Verkehr,47.3920981,8.4904739
Leutschenbach,Oeffentlicher Verkehr,47.4148699,8.5514577
Sihlpost/HB,Oeffentlicher Verkehr,47.376031,8.5339807
Langmauerstrasse,Oeffentlicher Verkehr,47.3937463,8.5449779
Museum für Gestaltung,Oeffentlicher Verkehr,47.382073,8.535019
Limmatplatz,Oeffentlicher Verkehr,47.3845001,8.5317699
Löwenplatz,Oeffentlicher Verkehr,47.3761078,8.5374821
Quellenstrasse,Oeffentlicher Verkehr,47.386612,8.5289179
Löwenbräu,Oeffentlicher Verkehr,47.3883039,8.5262355
Escher-Wyss-Platz,Oeffentlicher Verkehr,47.390004,8.5236162
Stampfenbachplatz,Oeffentlicher Verkehr,47.3799029,8.5425478
Rudolf-Brun-Brücke,Oeffentlicher Verkehr,47.374109,8.5429665
Sihlstrasse,Oeffentlicher Verkehr,47.3724234,8.534589
Stauffacher,Oeffentlicher Verkehr,47.3735521,8.5297594
Bahnhof Wiedikon,Oeffentlicher Verkehr,47.3711739,8.5236276
Werd,Oeffentlicher Verkehr,47.3727141,8.5270735
Bezirksgebäude,Oeffentlicher Verkehr,47.3739878,8.5258741
Kalkbreite/Bhf. Wiedikon,Oeffentlicher Verkehr,47.3744949,8.5212348
Lochergut,Oeffentlicher Verkehr,47.3753859,8.5177286
Zypressenstrasse,Oeffentlicher Verkehr,47.376593,8.5141195
Albisriederplatz,Oeffentlicher Verkehr,47.378122,8.5105138
Letzigrund,Oeffentlicher Verkehr,47.3811043,8.5039155
Freihofstrasse,Oeffentlicher Verkehr,47.3830175,8.4998794
Kappeli,Oeffentlicher Verkehr,47.3850905,8.4950678
Grimselstrasse,Oeffentlicher Verkehr,47.3869119,8.4902776
Lindenplatz,Oeffentlicher Verkehr,47.3877831,8.4863618
Hubertus,Oeffentlicher Verkehr,47.3773899,8.4992176
Altes Krematorium,Oeffentlicher Verkehr,47.3776834,8.5071322
Haldenbach,Oeffentlicher Verkehr,47.3803664,8.5481658
Winkelriedstrasse,Oeffentlicher Verkehr,47.3828992,8.5481244
Seilbahn Rigiblick,Oeffentlicher Verkehr,47.3856617,8.548435
Kantonsschule,Oeffentlicher Verkehr,47.3725054,8.5505276
Platte,Oeffentlicher Verkehr,47.3749165,8.5524717
Kunsthaus,Oeffentlicher Verkehr,47.370202,8.5488938
Neumarkt,Oeffentlicher Verkehr,47.3726613,8.5474461
Voltastrasse,Oeffentlicher Verkehr,47.3769394,8.5542227
Toblerplatz,Oeffentlicher Verkehr,47.3791721,8.559512
Ottikerstrasse,Oeffentlicher Verkehr,47.385346,8.5424643
Beckenhof,Oeffentlicher Verkehr,47.3842422,8.5401933
Kronenstrasse,Oeffentlicher Verkehr,47.3880878,8.5392553
Schaffhauserplatz,Oeffentlicher Verkehr,47.3915543,8.5388373
Berninaplatz,Oeffentlicher Verkehr,47.4036566,8.5479237
Salersteig,Oeffentlicher Verkehr,47.4061111,8.548375
Sternen Oerlikon,Oeffentlicher Verkehr,47.4102303,8.5465837
Bahnhof Oerlikon Ost,Oeffentlicher Verkehr,47.4132667,8.545976
Felsenrainstrasse,Oeffentlicher Verkehr,47.416652,8.5452795
Seebacherplatz,Oeffentlicher Verkehr,47.4197877,8.5482173
Bad Allenmoos,Oeffentlicher Verkehr,47.4059735,8.5376769
Regensbergbrücke,Oeffentlicher Verkehr,47.4085161,8.5390911
Laubiweg,Oeffentlicher Verkehr,47.395114,8.5361913
Waidfussweg,Oeffentlicher Verkehr,47.3952219,8.5192756
Eschergutweg,Oeffentlicher Verkehr,47.3963081,8.5136591
Schwert,Oeffentlicher Verkehr,47.3996308,8.5049885
Meierhofplatz,Oeffentlicher Verkehr,47.4016811,8.5004425
Zwielplatz,Oeffentlicher Verkehr,47.402161,8.4967414
Wartau,Oeffentlicher Verkehr,47.4026689,8.4920976
Winzerstrasse,Oeffentlicher Verkehr,47.4038044,8.4861593
Frankental,Oeffentlicher Verkehr,47.4056055,8.4814503
Oerlikerhus,Oeffentlicher Verkehr,47.4175193,8.553765
Roswiesen,Oeffentlicher Verkehr,47.4030508,8.5769141
Helmhaus,Oeffentlicher Verkehr,47.3695531,8.5434848
Rathaus,Oeffentlicher Verkehr,47.3718795,8.5428009
Kantonalbank,Oeffentlicher Verkehr,47.3680123,8.5398956
Wildbachstrasse,Oeffentlicher Verkehr,47.353044,8.558956
Fröhlichstrasse,Oeffentlicher Verkehr,47.3550952,8.5570028
Höschgasse,Oeffentlicher Verkehr,47.3578785,8.5543468
Kreuzstrasse,Oeffentlicher Verkehr,47.3633416,8.5495694
Opernhaus,Oeffentlicher Verkehr,47.3652918,8.5477614
Feldeggstrasse,Oeffentlicher Verkehr,47.3602646,8.5522997
Kreuzplatz,Oeffentlicher Verkehr,47.3650888,8.5535704
Römerhof,Oeffentlicher Verkehr,47.3677195,8.5603056
Hottingerplatz,Oeffentlicher Verkehr,47.3692817,8.5552474
Hegibachplatz,Oeffentlicher Verkehr,47.3618445,8.5605582
Signaustrasse,Oeffentlicher Verkehr,47.3630368,8.5578433
Friedhof Enzenbühl,Oeffentlicher Verkehr,47.3509901,8.5807219
Balgrist,Oeffentlicher Verkehr,47.3544024,8.5751281
Burgwies,Oeffentlicher Verkehr,47.3579243,8.5719226
Wetlistrasse,Oeffentlicher Verkehr,47.3600721,8.5685987
Hedwigsteig,Oeffentlicher Verkehr,47.3603884,8.5647733
Rentenanstalt,Oeffentlicher Verkehr,47.3634429,8.5345055
Stockerstrasse,Oeffentlicher Verkehr,47.3677169,8.5349452
Bahnhof Enge,Oeffentlicher Verkehr,47.364003,8.5318726
Bahnhof Selnau,Oeffentlicher Verkehr,47.3706721,8.5318751
Helvetiaplatz,Oeffentlicher Verkehr,47.3760226,8.5263061
Güterbahnhof,Oeffentlicher Verkehr,47.3804839,8.5195269
Saalsporthalle,Oeffentlicher Verkehr,47.3576761,8.5207615
Laubegg,Oeffentlicher Verkehr,47.3585989,8.5177443
Sihlcity Nord,Oeffentlicher Verkehr,47.3599207,8.5228083
Waffenplatzstrasse,Oeffentlicher Verkehr,47.3609577,8.5249083
Wollishoferplatz,Oeffentlicher Verkehr,47.338327,8.530745
Morgental,Oeffentlicher Verkehr,47.343447,8.5302743
Renggerstrasse,Oeffentlicher Verkehr,47.3448323,8.5333552
Brunaustrasse,Oeffentlicher Verkehr,47.3562485,8.5322369
Hölderlinstrasse,Oeffentlicher Verkehr,47.366009,8.5625282
Alte Trotte,Oeffentlicher Verkehr,47.3977244,8.5074456
Albisgütli,Oeffentlicher Verkehr,47.3519636,8.507401
Brunnenhof,Oeffentlicher Verkehr,47.4019628,8.5349389
Bäckeranlage,Oeffentlicher Verkehr,47.3783659,8.5229483
Englischviertelstrasse,Oeffentlicher Verkehr,47.3664623,8.5576177
Sonneggstrasse,Oeffentlicher Verkehr,47.3827675,8.5434967
Röslistrasse,Oeffentlicher Verkehr,47.3885364,8.5405193
Bahnhof Oerlikon,Oeffentlicher Verkehr,47.4115273,8.5450177
Schaufelbergerstrasse,Oeffentlicher Verkehr,47.3689288,8.5022385
Heuried,Oeffentlicher Verkehr,47.3694662,8.5067296
Talwiesenstrasse,Oeffentlicher Verkehr,47.3698366,8.5097989
Goldbrunnenplatz,Oeffentlicher Verkehr,47.3702765,8.513625
Schmiede Wiedikon,Oeffentlicher Verkehr,47.369923,8.519793
Bahnhofplatz/HB,Oeffentlicher Verkehr,47.3773114,8.5391199
Siemens,Oeffentlicher Verkehr,47.3782729,8.4935641
Fellenbergstrasse,Oeffentlicher Verkehr,47.37578,8.4882539
Bachmattstrasse,Oeffentlicher Verkehr,47.3892172,8.4826492
Bändliweg,Oeffentlicher Verkehr,47.3962865,8.4852278
Tunnelstrasse,Oeffentlicher Verkehr,47.3664566,8.5329684
Bahnhof Enge/Bederstrasse,Oeffentlicher Verkehr,47.3645298,8.5302408
Uetlihof,Oeffentlicher Verkehr,47.3568944,8.51409
Strassenverkehrsamt,Oeffentlicher Verkehr,47.3531019,8.5110749
Zürichbergstrasse,Oeffentlicher Verkehr,47.3786796,8.5644809
Susenbergstrasse,Oeffentlicher Verkehr,47.3784962,8.5679652
Museum Rietberg,Oeffentlicher Verkehr,47.3608824,8.5315824
Billoweg,Oeffentlicher Verkehr,47.3514847,8.5319462
Bahnhof Wollishofen/Staubstrasse,Oeffentlicher Verkehr,47.3468565,8.5329137
Butzenstrasse,Oeffentlicher Verkehr,47.34075,8.5302019
Probstei,Oeffentlicher Verkehr,47.400213,8.586561
Triemli,Oeffentlicher Verkehr,47.3678023,8.4953582
Bahnhof Hardbrücke,Oeffentlicher Verkehr,47.3849207,8.5167221
Micafil,Oeffentlicher Verkehr,47.3931184,8.4743104
Farbhof,Oeffentlicher Verkehr,47.3913504,8.4785274
Bahnhof Altstetten,Oeffentlicher Verkehr,47.3911078,8.4879149
Seidelhof,Oeffentlicher Verkehr,47.3919462,8.4837101
Il Grappolo,Restaurant,47.3361381,8.5322408
Yan-Ruyi,Restaurant,47.3441094,8.53266
Ziegel oh Lac,Restaurant,47.3435586,8.5368559
UBS Restaurant Flur,Restaurant,47.382807,8.4929412
Freihof Pizzeria Etna,Restaurant,47.383491,8.4995953
Letzigrund,Restaurant,47.3825781,8.5012681
Pizza Züri,Restaurant,47.3842422,8.4978272
Turbinenhalle,Restaurant,47.3841009,8.4964028
Gabbiano,Restaurant,47.409767,8.5374793
Zeughauskeller,Restaurant,47.3703727,8.5399233
Zum Alten Löwen,Restaurant,47.3849796,8.5482469
Cafe Medina,Restaurant,47.3420405,8.5304612
Haus Hiltl,Restaurant,47.3733042,8.5367495
Ristorante Culmann,Restaurant,47.3794422,8.5470198
La Fontana,Restaurant,47.3797201,8.5469255
Peking Garden,Restaurant,47.3910962,8.4888858
Waldhaus Katzensee,Restaurant,47.4292515,8.4893752
Oberhof,Restaurant,47.3734628,8.553472
Dar,Restaurant,47.3693682,8.5239637
Rosengarten,Restaurant,47.3697879,8.5563885
Grain,Restaurant,47.3761503,8.559374
Wirtschaft Ziegelhütte,Restaurant,47.3995321,8.5727756
Gebeta äthiopische und eritreische Spezialitäten,Restaurant,47.3773106,8.5130089
Taverne da Angelo,Restaurant,47.3761581,8.5147672
Lok Lak Asian Eatery,Restaurant,47.3783291,8.5096105
Tasteria,Restaurant,47.4145066,8.5330149
Kai Sushi,Restaurant,47.4143917,8.539455
Imone,Restaurant,47.3639501,8.5201156
Soho,Restaurant,47.3884346,8.5208041
Shangrila Tibet,Restaurant,47.3697414,8.5100698
AnaMiRa,Restaurant,47.3641859,8.5204226
Hopfenau,Restaurant,47.3651417,8.5200023
Jane Fine Food,Restaurant,47.3673432,8.5200355
Swaad,Restaurant,47.3592215,8.5162289
Hotel Seegarten,Restaurant,47.3613874,8.549412
Ginger,Restaurant,47.3618394,8.5506873
Tiffins,Restaurant,47.3618934,8.551033
Suan Long,Restaurant,47.3630112,8.5495281
Kronenhalle,Restaurant,47.3675511,8.5457188
Terrasse Restaurant,Restaurant,47.3678872,8.5443882
Café Bar ODEON,Restaurant,47.3677942,8.5451446
Rosaly's,Restaurant,47.3673843,8.5458541
Yume Ramen,Restaurant,47.3670484,8.5462454
Yooji's,Restaurant,47.3671867,8.546484
Commercio,Restaurant,47.3659313,8.5490837
Restaurant Hotel Europe,Restaurant,47.3641688,8.5472235
Hatecke du Théâtre,Restaurant,47.363996,8.5473846
Co Chin Chin,Restaurant,47.3620903,8.5508626
Amalfi,Restaurant,47.3606695,8.5499916
Restaurant Pumpstation,Restaurant,47.3636438,8.546378
Bohemia,Restaurant,47.364789,8.5548938
Nooba,Restaurant,47.3651703,8.554528
Bimi,Restaurant,47.3650577,8.5482803
Gesundheitszentrum für das Alter Wildbach,Restaurant,47.3575819,8.5575836
Ländli,Restaurant,47.3627304,8.5545618
Santa Lucia,Restaurant,47.3663196,8.5467367
Lulu,Restaurant,47.3649869,8.5460635
Grünwald,Restaurant,47.4179171,8.4826063
House of Ren,Restaurant,47.3638611,8.5311821
Weisse Rose,Restaurant,47.3682061,8.5456652
Minine,Restaurant,47.3690028,8.5500485
NA081,Restaurant,47.3597536,8.5524861
Sonnenberg,Restaurant,47.3673483,8.5675093
Aroma,Restaurant,47.3654698,8.5636573
Restaurant Zauberberg,Restaurant,47.3632165,8.5599915
ButchersTable,Restaurant,47.3615601,8.5603652
Neumünster,Restaurant,47.3596206,8.5585046
Strand-Restaurant Tiefenbrunnen,Restaurant,47.3519701,8.5580482
Wolfbach,Restaurant,47.3703441,8.552204
Afghan Anar,Restaurant,47.3697919,8.5529812
Blockhus,Restaurant,47.3681833,8.5451811
Weisser Wind,Restaurant,47.3688249,8.5455086
Papa Joe's Zürich,Restaurant,47.3687595,8.5445743
Molino,Restaurant,47.3690472,8.5439586
Zunfthaus zur Meisen,Restaurant,47.3700612,8.5416945
Bei Moudi am Kunsthaus,Restaurant,47.3707349,8.5479863
Orsini,Restaurant,47.3701032,8.5401242
Heugümper,Restaurant,47.3702715,8.5401314
Zunfthaus zur Waag,Restaurant,47.3702401,8.5403116
Münsterhöfli,Restaurant,47.3700175,8.5403598
Ăn Ăn,Restaurant,47.3693,8.5405687
Milchbar,Restaurant,47.3689961,8.5402339
Outback Lodge,Restaurant,47.3670788,8.5477023
Negishi sushi bar,Restaurant,47.3671507,8.547428
Weisses Kreuz,Restaurant,47.3661112,8.5486513
Migros Restaurant,Restaurant,47.3654324,8.5478765
Outpost,Restaurant,47.3841997,8.5741522
Zoo Caffè & Ristorante,Restaurant,47.3843967,8.5751844
La Trattoria Blumenau,Restaurant,47.3490341,8.5631953
Burgwies,Restaurant,47.3578267,8.5724184
Antiquaria da marco,Restaurant,47.3608497,8.5665611
Marcellino Pane e Vino,Restaurant,47.3602081,8.56574
Royal Panda,Restaurant,47.3643316,8.5545739
Restaurant Schipfe 16,Restaurant,47.373118,8.5417898
Brasserie Lipp,Restaurant,47.3743748,8.5394674
Lotti,Restaurant,47.3751744,8.5397124
Silk,Restaurant,47.3643407,8.5470929
Trinity,Restaurant,47.3676805,8.5372866
Cheti's Curry,Restaurant,47.3650488,8.5486637
Dupont Brasserie & Bar,Restaurant,47.3761856,8.5413414
Sala of Tokyo,Restaurant,47.3761821,8.5402129
Walliser Kanne,Restaurant,47.3766974,8.5388369
SAM'S Pizza Land,Restaurant,47.3760268,8.5384828
Schützengasse,Restaurant,47.3771315,8.5375254
Astra,Restaurant,47.3743934,8.535549
Pizza Bros,Restaurant,47.4097743,8.537357
Glogge-Egge,Restaurant,47.3729055,8.5366859
James Joyce,Restaurant,47.3722044,8.5371777
Aurora,Restaurant,47.3732035,8.5379816
Café Zähringer,Restaurant,47.3735998,8.5447955
Il Tartufo,Restaurant,47.360198,8.5333948
L'Altro,Restaurant,47.3600645,8.5340786
Sternen Da Guido,Restaurant,47.3597047,8.5318434
Amara,Restaurant,47.3635082,8.5323081
Ruen Tai,Restaurant,47.3637422,8.5325109
La Mimosa,Restaurant,47.3635147,8.5339001
Restaurant Belvoirpark,Restaurant,47.3577263,8.533274
Old Inn,Restaurant,47.365841,8.5325611
McDonald's,Restaurant,47.3643354,8.5321297
greperey - crêpes & drinks,Restaurant,47.3723135,8.5437395
Don Weber,Restaurant,47.3878614,8.5244404
Quartier 5 Restaurant & Bar,Restaurant,47.393791,8.5132196
Cucina,Restaurant,47.3936197,8.5078042
OKO,Restaurant,47.372671,8.528216
Primitivo,Restaurant,47.3851137,8.5362371
Hang's,Restaurant,47.3972052,8.5408759
Les Halles,Restaurant,47.3878633,8.5186448
Toscano im Puls 5,Restaurant,47.3900555,8.5179098
Fusio,Restaurant,47.4143333,8.5403532
Die Waid,Restaurant,47.3999623,8.5154056
Dông Quê,Restaurant,47.4202502,8.5484299
I Cugini,Restaurant,47.4194842,8.5469086
Metzgerhalle,Restaurant,47.4100617,8.5464781
Rolli's Steakhouse,Restaurant,47.4098258,8.5464212
Bellucci,Restaurant,47.4109387,8.5469906
Kobal,Restaurant,47.3756685,8.5243755
Huberta,Restaurant,47.377552,8.4983437
Casa Helvetia,Restaurant,47.3765292,8.5259639
Tenz Momo,Restaurant,47.3775516,8.5262968
Jaime El Barco,Restaurant,47.4148171,8.5408969
Kitchen & Bar by Courtyard,Restaurant,47.4143135,8.5408549
Cheyenne,Restaurant,47.4099302,8.5457062
Il Salento,Restaurant,47.3792831,8.4948742
La Baracca,Restaurant,47.3761736,8.522301
Chichería Cantina,Restaurant,47.3739825,8.5222246
Fribourger Stübli,Restaurant,47.375039,8.5281814
LILY'S,Restaurant,47.3825398,8.5296036
Saravanaa Bhavan,Restaurant,47.3818876,8.535575
FiveSpice,Restaurant,47.3758295,8.5164278
Yuma,Restaurant,47.374422,8.5239732
Le Cèdre,Restaurant,47.3738833,8.5264947
Sarajevska Ćevabdžinica,Restaurant,47.3779936,8.4926226
Derby,Restaurant,47.3761196,8.5163348
Bunzai,Restaurant,47.376432,8.5162699
EquiTable,Restaurant,47.3778609,8.5211491
L'Artista,Restaurant,47.375093,8.5178314
Miki Ramen,Restaurant,47.3752742,8.5165912
Masala,Restaurant,47.3730187,8.5289781
Antica Roma,Restaurant,47.3702232,8.531828
S-Family,Restaurant,47.374375,8.5177655
10' dieci,Restaurant,47.3745299,8.5439247
Rheinfelder Bierhalle,Restaurant,47.3759081,8.5441559
Karl der Grosse,Restaurant,47.3697813,8.5445846
Restaurant Werdinsel,Restaurant,47.3993584,8.4893633
Camino,Restaurant,47.3770714,8.5327288
Ooki Pavillon Letzigrund,Restaurant,47.3807554,8.5040594
Stazione Paradiso,Restaurant,47.3867368,8.5340332
SV Mensa Polyterrasse,Restaurant,47.3763026,8.5465369
Clausiusbar,Restaurant,47.3772558,8.5470004
food&lab,Restaurant,47.378314,8.548805
Bernerhof,Restaurant,47.3745992,8.5320588
Ristorante Italia,Restaurant,47.3763729,8.5292946
Gonzalez,Restaurant,47.3962653,8.5402882
Johanniter,Restaurant,47.3757513,8.5441431
Bierhalle Wolf,Restaurant,47.3758264,8.543866
Tao's,Restaurant,47.3714506,8.540148
Kropf,Restaurant,47.3706516,8.5402164
Bindella,Restaurant,47.3706846,8.5406432
Aargauerhof,Restaurant,47.3773665,8.526169
Zunfthaus zur Schmiden,Restaurant,47.3721828,8.5439082
Kantorei,Restaurant,47.3724275,8.5455328
Beke,Restaurant,47.3748597,8.5149995
Et Cetera,Restaurant,47.3723327,8.5104366
Treffpunkt,Restaurant,47.3704984,8.5099138
Gotthard,Restaurant,47.3769125,8.5258364
Yu-An,Restaurant,47.3726012,8.5273865
Ristorante Bar Certo,Restaurant,47.372245,8.5289743
Köchlistube,Restaurant,47.3732235,8.5237696
Kaufleuten Restaurant,Restaurant,47.3716325,8.5363568
Uncle 7,Restaurant,47.381874,8.5338089
Vulkan,Restaurant,47.3819982,8.5336329
Restaurant B,Restaurant,47.3777467,8.5244364
Pizzeria Corallo,Restaurant,47.3865398,8.5414596
Kreis 6,Restaurant,47.3861132,8.5452851
Chuchi am Wasser,Restaurant,47.3830272,8.5396636
Restaurant Waidhof,Restaurant,47.4242466,8.5251723
zum Grünen Glas,Restaurant,47.3715334,8.5457722
Piadina Bar,Restaurant,47.37272,8.5438402
Haus zum Rüden,Restaurant,47.3708573,8.5432024
Mère Catherine,Restaurant,47.3708655,8.543806
Arcade Pizzeria,Restaurant,47.371054,8.5243486
Weinstube 1923,Restaurant,47.3764199,8.5441261
La Pasta,Restaurant,47.3760133,8.5441095
Da Raffaele,Restaurant,47.375826,8.5441268
N-68,Restaurant,47.3756656,8.5441177
Iberia,Restaurant,47.3748977,8.5437335
Osteria Borgo,Restaurant,47.3746589,8.5437374
Steakhouse Old Town,Restaurant,47.3736974,8.5436412
Vallocaia,Restaurant,47.3734874,8.5436348
Brasserie Louis,Restaurant,47.3730001,8.5438598
Spaghetti Factory,Restaurant,47.3729061,8.5436598
Trattoria Sempre,Restaurant,47.3729877,8.5436586
Raclette Factory,Restaurant,47.3723807,8.5439299
Rheinfelder Bierhaus,Restaurant,47.3721304,8.5437352
Bodega Española,Restaurant,47.3712211,8.5441611
Wöschi,Restaurant,47.3405767,8.5381016
Restaurant Sunneberg,Restaurant,47.4195084,8.5439267
Vapiano,Restaurant,47.358483,8.5229939
Hong-Kong Food Paradise,Restaurant,47.3585224,8.5233652
LaSalle,Restaurant,47.3886695,8.5191166
Paprika,Restaurant,47.3786937,8.5065553
Piccolo Giardino,Restaurant,47.380803,8.5257086
RestaurantBar,Restaurant,47.4085258,8.5464126
Restaurant Bahnhof Wiedikon,Restaurant,47.3709038,8.5233636
Fusion meal & coffee,Restaurant,47.4077482,8.5078578
threeOfive,Restaurant,47.3899318,8.5212819
LA Brea SoCal Tacos,Restaurant,47.3821979,8.5317241
Spicy Box,Restaurant,47.382624,8.5312467
cue,Restaurant,47.3734574,8.5449046
Nooch Asian Kitchen,Restaurant,47.3887272,8.5213785
Tibetasia,Restaurant,47.3844648,8.5278368
Anemoia,Restaurant,47.3863612,8.5280176
Damas,Restaurant,47.384599,8.5275777
Werd,Restaurant,47.3720798,8.5270244
Paneolio,Restaurant,47.3731595,8.5261099
Saigon,Restaurant,47.3729919,8.5327533
Choupette,Restaurant,47.363839,8.5322818
Eisenhof,Restaurant,47.3836276,8.5287302
60 Seconds to Napoli,Restaurant,47.37617,8.5338624
Roter Stein,Restaurant,47.3885734,8.4847702
Nordbrücke,Restaurant,47.39337,8.5294371
The Artisan,Restaurant,47.3935843,8.5296761
Bowl & Wok,Restaurant,47.3645425,8.520783
Vietnam,Restaurant,47.3606785,8.5179538
Utoburg,Restaurant,47.3616035,8.5180157
Fallender Brunnenhof,Restaurant,47.402817,8.5355605
Zum Weissen Rössli,Restaurant,47.3750359,8.4841815
Stripped Pizza,Restaurant,47.3602524,8.5521363
Zum Guten Glück,Restaurant,47.372707,8.519818
enso,Restaurant,47.3822104,8.4838926
Villa Grillhaus,Restaurant,47.3963892,8.4823067
Drei Stuben,Restaurant,47.3832538,8.5416447
Pizzeria Veneziana,Restaurant,47.383118,8.5413332
Thai Erawan,Restaurant,47.3681056,8.5358071
Hardhof,Restaurant,47.3781646,8.5109337
Gambrinus,Restaurant,47.3787576,8.5270372
La Perla Del Sud,Restaurant,47.3307586,8.5155905
Live sushi fusion restaurant,Restaurant,47.3740895,8.536128
Akara‘s,Restaurant,47.3906861,8.4887363
Brasserie Spirgarten,Restaurant,47.387399,8.4854595
Restaurant Singapore,Restaurant,47.3831915,8.5000558
Zhong Hua,Restaurant,47.3752173,8.5447395
Restaurant Haldenbach,Restaurant,47.3799672,8.5469246
Ristorante Al Forno da Angelo,Restaurant,47.3805744,8.5483371
Hot Pasta,Restaurant,47.3786854,8.547952
Wien Zeile,Restaurant,47.3740356,8.544474
Bianchi,Restaurant,47.3735273,8.5430124
Weinschenke,Restaurant,47.3734009,8.5434614
Simon's Steakhouse,Restaurant,47.3733831,8.5436343
Zum Königstuhl,Restaurant,47.3725751,8.5432563
Madrid,Restaurant,47.3731853,8.5446831
Bauern Schänke,Restaurant,47.3724243,8.5452101
Restaurant Gasthof Hirschen,Restaurant,47.4040619,8.571762
Coco Grill & Bar,Restaurant,47.3689525,8.5384389
Nagasui,Restaurant,47.3702331,8.5328922
Angkor,Restaurant,47.3902919,8.5172402
toscano,Restaurant,47.374778,8.543543
friskfisk.ch,Restaurant,47.3745675,8.543731
Walliser Keller,Restaurant,47.3749804,8.5445108
Dumpling Delights,Restaurant,47.3745297,8.5447817
Raclette Stube,Restaurant,47.3747617,8.5447832
The Bite,Restaurant,47.3773121,8.5277904
Volkshaus,Restaurant,47.3755766,8.5271252
Bossa Nova,Restaurant,47.3770748,8.5274942
Brasserie Café de Paris,Restaurant,47.376328,8.527878
Ach'i,Restaurant,47.3770439,8.5287783
Thai-Food-Corner,Restaurant,47.3769262,8.5284802
Stubä,Restaurant,47.3779077,8.5270821
Trübli Bar,Restaurant,47.3765636,8.5290029
Baba Baos,Restaurant,47.3747605,8.5246725
Schweizerdegen El Papi,Restaurant,47.3784958,8.5271796
Grepery,Restaurant,47.3735871,8.5273055
Namaste,Restaurant,47.4148932,8.5394998
Don Paco,Restaurant,47.3884508,8.5257299
Ototo - Sushi Dining,Restaurant,47.3925569,8.5308196
Golden India,Restaurant,47.414823,8.5457621
Zentral,Restaurant,47.3799291,8.5432583
Casa Ferlin,Restaurant,47.3797694,8.5433497
Limmathof,Restaurant,47.3874963,8.5272804
Alpenrose,Restaurant,47.3871627,8.528489
a fatt,Restaurant,47.3863054,8.5289489
Tadka,Restaurant,47.3832551,8.5332337
Chifa Izakaya,Restaurant,47.3821574,8.5357577
Millennium,Restaurant,47.3842264,8.5319218
marktküche,Restaurant,47.3787172,8.5233543
Carlton,Restaurant,47.3714586,8.5378013
Coop Restaurant,Restaurant,47.4136892,8.5410753
Gamper,Restaurant,47.3791312,8.5250934
Za'atar,Restaurant,47.3790069,8.5249463
Celia,Restaurant,47.3758647,8.5251128
Pergola,Restaurant,47.3767368,8.5207415
Brera,Restaurant,47.3771472,8.5202111
Libanès,Restaurant,47.4164324,8.5458225
Kiosk / Restaurant,Restaurant,47.4048648,8.5379355
Zebra Bistro,Restaurant,47.3773918,8.5225397
Werkhof,Restaurant,47.3794266,8.5237792
Burgermeister,Restaurant,47.3745663,8.5245378
SO Pizza,Restaurant,47.3752425,8.5250339
Queen Idia African Restaurant,Restaurant,47.3742019,8.5234872
di Lenardo,Restaurant,47.3737011,8.5218254
Ichizen,Restaurant,47.3737975,8.5274539
Hôtel Bourbon,Restaurant,47.3716921,8.5446644
Le Dézaley Restaurant Vaudois,Restaurant,47.3705962,8.5438655
Style Thai,Restaurant,47.3710755,8.5433622
La Côte,Restaurant,47.3717505,8.5159377
Don Leone,Restaurant,47.3746589,8.5290969
Accademia del Gusto,Restaurant,47.375334,8.5286575
Ikoo,Restaurant,47.3748928,8.5287964
D'Aurora,Restaurant,47.3751694,8.528416
Osteria Santo Bevitore,Restaurant,47.3754803,8.5284806
Meat Me,Restaurant,47.3742016,8.5307896
Sweet Basil,Restaurant,47.3743454,8.5295536
Real,Restaurant,47.3743453,8.5306087
Akaraka,Restaurant,47.3746892,8.5294759
Puci's,Restaurant,47.3682658,8.5459508
Lou's Restaurant & Bar,Restaurant,47.3717267,8.5214185
Schnitzelhuus Oerlikon,Restaurant,47.4067404,8.5507215
Restaurant Dorflinde,Restaurant,47.4073905,8.5498029
Omis Knödel,Restaurant,47.3688689,8.5454267
Palette,Restaurant,47.3762153,8.5400686
Long Huang,Restaurant,47.372174,8.5340237
Smeiley's,Restaurant,47.4034424,8.5471665
Pho 50,Restaurant,47.3764802,8.5252621
House of Mezze,Restaurant,47.4090175,8.5457746
The Sacred,Restaurant,47.3760618,8.5288696
Neela,Restaurant,47.3779493,8.5298119
Savoy Brasserie & Bar,Restaurant,47.3699603,8.5396803
Giesserei Oerlikon,Restaurant,47.408614,8.5376025
Lele,Restaurant,47.3784747,8.530352
Indian BBQ,Restaurant,47.3931636,8.5210169
Khujug,Restaurant,47.3798297,8.5270667
Restaurant Schnupf / Rangierbahnhof,Restaurant,47.3808758,8.5262009
Biondi,Restaurant,47.3793855,8.5258658
Eichhörnli,Restaurant,47.3796942,8.525707
Thach,Restaurant,47.3786741,8.5299156
Pizzeria Milano,Restaurant,47.3791536,8.5283971
Morgenstern da Mario,Restaurant,47.3784276,8.5284216
Stella Alpina,Restaurant,47.3787987,8.5265659
Hongxi,Restaurant,47.3777904,8.5296685
Tanukiya,Restaurant,47.3782008,8.5292404
Tant Pis,Restaurant,47.3820245,8.5332903
Casa Nostrana,Restaurant,47.3440179,8.5317309
Brasserie Bits & Bites,Restaurant,47.410535,8.5525017
Brasserie zum Vorbahnhof,Restaurant,47.3797298,8.5372003
Masoala,Restaurant,47.3843369,8.5779392
Pantanal,Restaurant,47.3843493,8.5739787
Napoli (da Gerardo),Restaurant,47.3662269,8.5212488
Nido,Restaurant,47.36518,8.5212519
Uramakiya,Restaurant,47.3658973,8.5212335
Tabula Rasa,Restaurant,47.377911,8.5294772
Zeughaushof,Restaurant,47.3778272,8.5304532
Viet-Thai,Restaurant,47.3780557,8.5299364
Riithalle,Restaurant,47.3745929,8.5345411
Luca²,Restaurant,47.3667843,8.5616996
Soul Köfte,Restaurant,47.3818623,8.5296911
St. Gallerhof,Restaurant,47.3799976,8.5373936
Sham,Restaurant,47.3800785,8.5370948
Babo's Restaurant,Restaurant,47.3819642,8.5294299
Don’t Worry Eat Curry,Restaurant,47.3828582,8.5307697
Casa da Picanha,Restaurant,47.382094,8.5300961
Restaurant Neugasshof,Restaurant,47.3820132,8.5303576
Restaurant Römerblick,Restaurant,47.3680769,8.5597987
Zekis World,Restaurant,47.3839003,8.5307988
Apollo Taverna,Restaurant,47.4040325,8.5571397
La Taqueria,Restaurant,47.374456,8.5228253
Barranco,Restaurant,47.3792301,8.5158016
Bottega Berta,Restaurant,47.3741175,8.5136406
Ah-Hua,Restaurant,47.3760904,8.5278522
Ristorante Pizzeria 99,Restaurant,47.3615099,8.5260442
Bederhof,Restaurant,47.3624137,8.5266555
Le Rendez-Vous,Restaurant,47.3654301,8.5321082
La Fonte,Restaurant,47.4005575,8.5859139
Öpfelchammer,Restaurant,47.3723465,8.5445758
Restaurant Markthalle,Restaurant,47.3876044,8.5260285
Misoga,Restaurant,47.3614068,8.5608856
Bei Fouad,Restaurant,47.4039752,8.5739634
Restaurant Blume,Restaurant,47.4041654,8.5733193
Taj Palace,Restaurant,47.3910244,8.526532
Il Basilico H10,Restaurant,47.3909511,8.5272823
Garhwal,Restaurant,47.4040156,8.5678705
DA NOI,Restaurant,47.3915816,8.5251298
Weisses Rössli,Restaurant,47.361886,8.5261633
Winit's,Restaurant,47.34398,8.5314693
Allegro,Restaurant,47.3468443,8.5287676
Olympic Lounge,Restaurant,47.4077603,8.5826309
Restaurant Jasmin,Restaurant,47.404743,8.5729195
Filfl,Restaurant,47.375292,8.5154091
Nordlicht,Restaurant,47.4137718,8.5382686
Tres Amigos,Restaurant,47.4098493,8.5443715
Hirschberg,Restaurant,47.373525,8.5466575
Rechberg,Restaurant,47.3739693,8.546249
Timeout,Restaurant,47.3753582,8.5457947
Okay Italia,Restaurant,47.379193,8.5555706
Barcelona Restaurant,Restaurant,47.4020484,8.5353195
Chi Chest,Restaurant,47.4097996,8.537608
Meedo Take Away,Restaurant,47.4020131,8.4962244
Zweifels Weinbeiz,Restaurant,47.404036,8.4967746
Gasthof Falken Wiedikon,Restaurant,47.3702244,8.5194587
Ristorante Frascati,Restaurant,47.3608803,8.5478901
Korner,Restaurant,47.3686567,8.5339963
Sazio Osteria,Restaurant,47.3635603,8.5495722
Brasserie Schiller,Restaurant,47.3654045,8.5471561
Kennedy's Irish Pub,Restaurant,47.3773415,8.5332076
Silex,Restaurant,47.3715144,8.5245483
Gartenhof,Restaurant,47.3719093,8.525645
Hermanseck,Restaurant,47.371639,8.524892
Florentin,Restaurant,47.3629747,8.5324508
Goranac,Restaurant,47.4151692,8.5468187
Lamky,Restaurant,47.4128096,8.545181
Puzzles,Restaurant,47.4124987,8.5445738
Tamarind Garden,Restaurant,47.3686456,8.5015488
Malabar,Restaurant,47.4105086,8.548421
Jao Praya,Restaurant,47.409219,8.547568
Restaurant & Pizza Furetto,Restaurant,47.4103887,8.5471916
Rubina,Restaurant,47.381545,8.5483263
El Luchador,Restaurant,47.3817668,8.533656
Mangostan,Restaurant,47.3780904,8.4982984
Wurst und Moritz,Restaurant,47.3901439,8.5223613
Petit Saigon,Restaurant,47.3703052,8.5207971
Bierstube Scheidegg,Restaurant,47.3699912,8.518351
Canaan Asia,Restaurant,47.3708827,8.5157585
Brisket,Restaurant,47.387695,8.5187881
New Bombay,Restaurant,47.3736181,8.5456942
Tasty Haus,Restaurant,47.4180995,8.5565889
Equinox,Restaurant,47.3880703,8.5141661
Wirtschaft Unterdorf,Restaurant,47.4262082,8.5054134
Cinque,Restaurant,47.383294,8.5301807
Moudi's Lecker Garten,Restaurant,47.3909932,8.5455952
Centro,Restaurant,47.3760181,8.5277705
Schützenhaus Albisgüetli,Restaurant,47.3522874,8.5083976
Restaurant Casino,Restaurant,47.3868901,8.4898386
Gasthaus Hofwiesen,Restaurant,47.4063257,8.5376266
Aubrey,Restaurant,47.3891509,8.5177829
Sher-E-Punjab,Restaurant,47.3745738,8.5167916
Taj Mahal,Restaurant,47.386998,8.4893909
Frau Gerolds Garten,Restaurant,47.385169,8.5190628
Bamboo Inn,Restaurant,47.3804786,8.5472423
Stapferstube da Rizzo,Restaurant,47.3821725,8.5474623
Nœrd Kantine,Restaurant,47.4136106,8.5336274
King To,Restaurant,47.3934655,8.4738653
Kantine Hermetschloo,Restaurant,47.3945224,8.4748209
Turbinenhaus,Restaurant,47.3954067,8.5054408
Restaurant Oase,Restaurant,47.3782017,8.5408542
Darbar,Restaurant,47.3642732,8.5548578
Amore,Restaurant,47.4041342,8.548368
Yardbird Southern Fried Chicken,Restaurant,47.3733877,8.5189589
Noodlee,Restaurant,47.3808663,8.5180091
Med D’Oro,Restaurant,47.3758611,8.5142545
Loft Five,Restaurant,47.3784801,8.533862
Swiss Casino Zürich,Restaurant,47.3735313,8.5329889
Restaurant Krone,Restaurant,47.3883414,8.4837689
Presse Club,Restaurant,47.3704129,8.5410105
Black Tap,Restaurant,47.3749062,8.539532
Trattoria Emilia,Restaurant,47.375994,8.487962
Schlachthof Letzigrund,Restaurant,47.3834741,8.5060791
Lemon,Restaurant,47.4092114,8.5377071
Virtù,Restaurant,47.4109228,8.5376629
Meister GAO,Restaurant,47.3972168,8.5323442
SAHltimbocca,Restaurant,47.3954854,8.5318493
Stereo,Restaurant,47.3777854,8.5272463
blindekuh,Restaurant,47.3583286,8.5571633
Restaurant Gertrudhof,Restaurant,47.3739155,8.5157835
Rosso,Restaurant,47.3854018,8.5183169
Bistrot à Paris,Restaurant,47.3673012,8.56085
Jeunesse,Restaurant,47.4041372,8.5342275
UBS Restaurant Snackeria Flurhof,Restaurant,47.3825966,8.4926584
Thai Hunters,Restaurant,47.3734083,8.525345
Restaurant Bürgli,Restaurant,47.4228699,8.5417662
Tamarind Hill,Restaurant,47.4067908,8.5482253
Puci‘s,Restaurant,47.4097353,8.5460335
Grand‘in Osteria,Restaurant,47.3600494,8.5690109
Wirtschaft im Franz,Restaurant,47.3722182,8.5196023
La Stazione,Restaurant,47.411255,8.545482
COR Wine & Pintxos,Restaurant,47.3722553,8.5203339
Restaurant Büsi,Restaurant,47.4270313,8.5102272
Manjaal,Restaurant,47.3843311,8.5286143
Tramblu,Restaurant,47.3983794,8.536259
Costa Brava,Restaurant,47.3885207,8.5256303
Pizzeria Margheri,Restaurant,47.3886259,8.5253686
D'Ouro,Restaurant,47.3824288,8.5141198
Churrasco Steakhouse & Bar,Restaurant,47.3719325,8.5402773
Mama's Beck,Restaurant,47.3885695,8.539287
Marmar,Restaurant,47.390581,8.5174657
Pizzeria Rapido,Restaurant,47.4016808,8.4989566
Adlisberg,Restaurant,47.3749363,8.5823881
Taho Sushi,Restaurant,47.3693102,8.5325414
Positano,Restaurant,47.3775576,8.5438988
Bombay Karachi,Restaurant,47.3793233,8.5435476
Commihalle,Restaurant,47.3777853,8.5438498
Alba,Restaurant,47.3815179,8.5422215
4Leoni Firenze,Restaurant,47.3843323,8.5302362
Valentin's,Restaurant,47.3846382,8.5297901
La Contrada,Restaurant,47.384832,8.5295929
Friends Corner,Restaurant,47.3847907,8.5277141
Josef,Restaurant,47.3838905,8.5289598
Tschingg,Restaurant,47.373809,8.5296981
PHO Vietnam,Restaurant,47.3749537,8.5244837
Lindenhofkeller,Restaurant,47.3724638,8.540819
Soï 28,Restaurant,47.3722486,8.5393486
Taste of Asia Co.,Restaurant,47.3832801,8.528361
Chianalea Ristorante Pizzeria,Restaurant,47.3792517,8.5241155
Thailodge,Restaurant,47.3883421,8.5769198
Thali Indian Restaurant,Restaurant,47.390294,8.5392273
Brenso,Restaurant,47.3767849,8.526869
naanu,Restaurant,47.3908314,8.5090999
Ynos,Restaurant,47.3789304,8.5314462
Juchhof 2,Restaurant,47.398823,8.466228
Wild Bowls,Restaurant,47.3636395,8.5495067
Bebek,Restaurant,47.3744654,8.5207529
Schmiedhof,Restaurant,47.3709578,8.5196543
Marcello's Bistro,Restaurant,47.4029458,8.4980459
Yume-Ramen,Restaurant,47.3766703,8.5332799
Löweneck,Restaurant,47.374868,8.5364144
SEAM – Japanese Kappo Cuisine,Restaurant,47.374608,8.535733
Da Michelangelo,Restaurant,47.3733548,8.5152301
Oberes Triemli,Restaurant,47.3669621,8.4933926
Mi Mi Sa,Restaurant,47.4193301,8.5469887
Werdguet,Restaurant,47.3715104,8.5274873
Il Giglio,Restaurant,47.3709203,8.528323
MAZI im Morgarten,Restaurant,47.3714815,8.5278588
Fein und Schein,Restaurant,47.3704467,8.5273814
Bärengasse,Restaurant,47.3703775,8.5383836
Tam Nan Siam Thai Restaurant,Restaurant,47.3929144,8.4743173
Xi Muoi,Restaurant,47.3706027,8.5138447
Neue Taverne,Restaurant,47.3720697,8.5403664
Hokkaido,Restaurant,47.3905062,8.5174073
Deli1993,Restaurant,47.3901151,8.5151409
Nooch,Restaurant,47.3741055,8.5251017
The Flave,Restaurant,47.3890946,8.5168772
Ristorante 33,Restaurant,47.3668389,8.5339821
Fantasia,Restaurant,47.4201108,8.535963
Tandoor House,Restaurant,47.4224326,8.5404808
Restaurant Viadukt,Restaurant,47.3861426,8.5220289
African Queen,Restaurant,47.3816229,8.5421505
L’Artista,Restaurant,47.4101573,8.5457543
SimSim,Restaurant,47.3878521,8.5392302
Nihao,Restaurant,47.4024233,8.5445394
Studio Bellerive,Restaurant,47.3623277,8.5475678
Eden Kitchen & Bar,Restaurant,47.3627091,8.5473718
Bund 39,Restaurant,47.3749607,8.5287161
Beetnut,Restaurant,47.3776411,8.533411
Ban Song Thai,Restaurant,47.3694128,8.5442106
kaisin,Restaurant,47.414369,8.5567666
Spoon,Restaurant,47.4143734,8.5569597
Brasserie Seefeld,Restaurant,47.3526098,8.5591926
Veganitas,Restaurant,47.3775824,8.5276791
La Zagra,Restaurant,47.3488821,8.5633128
Pizzeria da Pepino,Restaurant,47.3785559,8.5099534
Antonio,Restaurant,47.3929775,8.5135856
Restaurant A1 M.O.V.E.,Restaurant,47.3948562,8.4835281
Musti Grill,Restaurant,47.3874759,8.4881408
Lemongrass,Restaurant,47.3662005,8.5572165
Klosbächli,Restaurant,47.3662504,8.5567344
Veltliner Keller,Restaurant,47.3709729,8.5411722
Kindli,Restaurant,47.3723204,8.5406506
Hummer- und Austernbar,Restaurant,47.3763401,8.5389154
Simplon,Restaurant,47.3766199,8.5391331
Ona Poké,Restaurant,47.3761882,8.5385654
roots,Restaurant,47.3762774,8.538611
August,Restaurant,47.3723326,8.5400106
Insider,Restaurant,47.3768752,8.5384423
Brooklyn Burgermeister,Restaurant,47.3900195,8.5222008
La Piccola Trattoria,Restaurant,47.3738667,8.5137204
Maneez,Restaurant,47.3841944,8.5284377
Didi's Frieden,Restaurant,47.3792128,8.5435914
Pavillon,Restaurant,47.3666913,8.539431
Pizzeria Piazza,Restaurant,47.4194454,8.5060346
Ristorante Pizzeria da Enzo,Restaurant,47.4184517,8.5058744
Hachi Sushi,Restaurant,47.4193443,8.5069373
Fischer's Fritz,Restaurant,47.3359056,8.5421859
Khipu,Restaurant,47.4157652,8.5131189
Viva,Restaurant,47.3550642,8.6019347
Nostos Greek Bistro,Restaurant,47.4115131,8.5258078
Tibetaner,Restaurant,47.4123897,8.5242895
Restaurant Spice Garden,Restaurant,47.4193772,8.5062829
Wang Khar,Restaurant,47.4119003,8.5456317
Le Pli 22,Restaurant,47.3689066,8.5453544
Moudi,Restaurant,47.3697863,8.5343368
Dolder Golfclub - Restaurant,Restaurant,47.3722886,8.5741221
TEPE,Restaurant,47.3688778,8.5721925
Mensa Rämi 59,Restaurant,47.3720996,8.5498961
Gerold Chuchi,Restaurant,47.3850255,8.5203173
Scent of Bamboo,Restaurant,47.3912313,8.4895537
Vesuvio,Restaurant,47.4251084,8.5484629
Dahlak,Restaurant,47.3659299,8.5199815
Wingman,Restaurant,47.3707492,8.5207807
MeiXin,Restaurant,47.3834555,8.5303841
Grand Café Lochergut,Restaurant,47.3757826,8.5169598
Hotel Bristol,Restaurant,47.379626,8.5434495
Metropol,Restaurant,47.3684217,8.5411604
"Osteria Vineria ""da Biagio"" Restaurant Limmatberg",Restaurant,47.4022849,8.4953933
Flor,Restaurant,47.3882232,8.5176146
Route Twenty-Six,Restaurant,47.3906264,8.5100441
Ying Cusine,Restaurant,47.3705241,8.5148792
Restaurant am Brühlbach,Restaurant,47.4035729,8.4986268
Chiang Mai,Restaurant,47.3806356,8.5336595
Grazie,Restaurant,47.3747368,8.5172768
Zio Panino,Restaurant,47.3765608,8.5139214
QIRIN,Restaurant,47.38915,8.4881385
Dal Sardo,Restaurant,47.3679132,8.5602255
Da Angela,Restaurant,47.3869822,8.5014413
Nep,Restaurant,47.3769216,8.5325272
Tillsamman,Restaurant,47.3730074,8.5175231
Hiltl Sihlpost,Restaurant,47.3777357,8.5357174
Himalaya,Restaurant,47.3830864,8.5329144
Al Ventotto,Restaurant,47.3902274,8.538794
Più,Restaurant,47.3769359,8.5348729
Bank,Restaurant,47.3764213,8.5264559
Konshi,Restaurant,47.3740885,8.5408521
VBZ Kantine,Restaurant,47.3844603,8.4904341
Wirtschaft Alter Tobelhof,Restaurant,47.3822961,8.5881357
Chäsalp,Restaurant,47.3820685,8.5879257
Ustaria,Restaurant,47.4116904,8.5465038
Ayverdi's,Restaurant,47.4146478,8.5613897
QQ Sushi,Restaurant,47.377413,8.5439582
Kebi,Restaurant,47.378683,8.5437382
Baur's,Restaurant,47.3676177,8.5391297
The Red Room,Restaurant,47.3687998,8.5384032
Green Papaya,Restaurant,47.3406225,8.5307103
Dapura Mia Restaurant Bali-Indonesien,Restaurant,47.3381517,8.5298842
Topden Bowls,Restaurant,47.3740432,8.5219682
Tibits,Restaurant,47.4090845,8.5466964
Cima Curry,Restaurant,47.3776729,8.5295685
Schönau,Restaurant,47.378366,8.5242566
Daizy,Restaurant,47.3631314,8.5123238
Orient Catering,Restaurant,47.3789518,8.5447211
Restaurant Altstetten,Restaurant,47.3891818,8.4865395
Luigia,Restaurant,47.3704056,8.5355364
Cartell,Restaurant,47.3726072,8.5339208
V.P. Catering,Restaurant,47.3730087,8.5242929
Hua Hin Thai Take Away,Restaurant,47.3757063,8.5195616
De Koreaner 59,Restaurant,47.3751254,8.517412
Caffe Cioccolato,Restaurant,47.3872299,8.486059
Alba Pizza,Restaurant,47.3704622,8.517246
Meskerem Restaurant,Restaurant,47.3695561,8.5056903
Da Amici 2,Restaurant,47.420397,8.5486267
"Fiirabigbeizli ""Zur alte Chäsi""",Restaurant,47.4231533,8.5430816
Zum Gaul,Restaurant,47.3859082,8.5181661
blau,Restaurant,47.3784937,8.5205359
Wesley's Kitchen,Restaurant,47.381828,8.5326917
Steakhouse Argentina,Restaurant,47.413863,8.5520167
Miss Miu,Restaurant,47.3739923,8.5254278
Now We Go Vegan,Restaurant,47.3789404,8.5267275
San Gennaro,Restaurant,47.3777733,8.5398232
The Counter,Restaurant,47.3772197,8.5407256
Brasserie Federal,Restaurant,47.3780227,8.5407173
Süd,Restaurant,47.3773153,8.5403976
Sora Sushi,Restaurant,47.3775929,8.53946
Das Bistro,Restaurant,47.4140272,8.559186
Restaurant Riedbach,Restaurant,47.4142512,8.55977
Cafi Eichrain,Restaurant,47.4284338,8.5486066
La Trattoria Freilager,Restaurant,47.3796628,8.4894957
Ooki Izakaya Wiedikon,Restaurant,47.3721676,8.5188077
Restaurant Pyramids,Restaurant,47.3715877,8.5261787
Binz 38,Restaurant,47.3622545,8.5123747
Le Cèdre Maurice,Restaurant,47.3723494,8.5356968
Tennisclub Seeblick,Restaurant,47.3330853,8.5382277
Spitz,Restaurant,47.3789138,8.5409931
Restaurant Rauti,Restaurant,47.3818695,8.4886583
Corner 48,Restaurant,47.3803612,8.5424142
IGNIV Zürich by Andreas Caminada,Restaurant,47.3719712,8.5436611
Kokoro,Restaurant,47.3807187,8.526522
Samurai VII,Restaurant,47.3870425,8.4890636
Hoenggerhof,Restaurant,47.3994522,8.4958
LILY'S Factory,Restaurant,47.3754023,8.5169163
Pho Mai,Restaurant,47.3755405,8.528631
Restaurant Buchhölzli,Restaurant,47.3538079,8.5690296
Zunfthaus zur Zimmerleuten,Restaurant,47.3706365,8.5432314
Il Gattopardo,Restaurant,47.3692887,8.5444905
Maki Haus,Restaurant,47.37828,8.5437936
Lin's,Restaurant,47.4077073,8.5479839
Fulin,Restaurant,47.3809227,8.5180772
Totò,Restaurant,47.3580896,8.5538491
Rooftop,Restaurant,47.3746638,8.5391076
Restaurant Kiosk,Restaurant,47.358135,8.5478933
Grottino 77,Restaurant,47.3709294,8.5163605
Grottino 83,Restaurant,47.3700255,8.4923277
Cantinetta Antinori,Restaurant,47.3722279,8.5388421
Conti,Restaurant,47.3645073,8.5474123
Time... Lounge,Restaurant,47.3777455,8.5393944
Hang's Banh Mi,Restaurant,47.3966207,8.5405108
ERZ Personalrestaurant Hagenholz,Restaurant,47.4150854,8.5634773
Binz & Kunz,Restaurant,47.362924,8.5131571
Enja,Restaurant,47.3737143,8.5373877
Gabbani,Restaurant,47.3701012,8.5365761
Helvetia,Restaurant,47.3732354,8.5317044
Riki Ramen Bā,Restaurant,47.3735366,8.5320042
Sprüngli Café & Restaurant,Restaurant,47.3693224,8.5392118
Sternen Grill,Restaurant,47.3672776,8.5455633
Negishi Sushi Bar,Restaurant,47.3708593,8.5434759
SBB Restaurant WestLink,Restaurant,47.3918334,8.4908184
Mensa Kantonsschule Rämibühl,Restaurant,47.3713446,8.5527434
Oval,Restaurant,47.3830141,8.5026919
Restaurant Rigiblick,Restaurant,47.3883565,8.5532985
Zürichberg,Restaurant,47.3823685,8.5669037
Lake Side,Restaurant,47.3527249,8.5537217
Mensa SIS Zürich-Wollishofen,Restaurant,47.3508842,8.5328394
Mensa Institut Minerva,Restaurant,47.3819656,8.5455532
EY Restaurant Platform,Restaurant,47.3859677,8.5161972
Friedbrunnen,Restaurant,47.3748783,8.4853031
Sento,Restaurant,47.3735869,8.5530663
Schwamedinge,Restaurant,47.4049275,8.5721187
Neni,Restaurant,47.3803007,8.5287319
La Piazzetta,Restaurant,47.3709837,8.5358917
Edomae,Restaurant,47.3706147,8.5357379
d'Bar,Restaurant,47.3737064,8.5459212
LouLou,Restaurant,47.3592867,8.5231352
Public Burger,Restaurant,47.3580937,8.5234939
Thai Style,Restaurant,47.3838416,8.4947954
Kle,Restaurant,47.3715304,8.5209454
Gebeta,Restaurant,47.3751885,8.5173298
Khouris,Restaurant,47.3582918,8.5537364
Metzg,Restaurant,47.355851,8.556448
Tüfenegg,Restaurant,47.3553163,8.5541539
Enoteca Riviera,Restaurant,47.3549625,8.5550456
Mura Omakase Restaurant,Restaurant,47.3545891,8.5561613
Restaurant Bar Miracle,Restaurant,47.3545311,8.5560474
Le Beaujolais,Restaurant,47.3554751,8.5568172
Mesob,Restaurant,47.3708105,8.5147617
Hiltl am Strand,Restaurant,47.353585,8.5345926
Hiltl Dachterrasse,Restaurant,47.3756521,8.5398019
Löwen Siam,Restaurant,47.409489,8.5423228
Il Basilico,Restaurant,47.3695668,8.5058334
Monti,Restaurant,47.3684607,8.4963959
Ey-Hof,Restaurant,47.3685002,8.4951684
Capri,Restaurant,47.3604176,8.5501478
Restaurant Vereinigung,Restaurant,47.3632257,8.5220138
Tibits Bistro Zürich,Restaurant,47.3647473,8.5475997
Seehof,Restaurant,47.364315,8.5477947
Yen's,Restaurant,47.371199,8.52865
Giusi's,Restaurant,47.3637686,8.5545452
Four Twenty,Restaurant,47.3801026,8.5066494
An Chay,Restaurant,47.3790326,8.5154904
Pizzeria Trattoria da Michele,Restaurant,47.3620219,8.5163974
Sentosa,Restaurant,47.377487,8.5125757
Café du Bonheur,Restaurant,47.3798796,8.5162736
Restaurant Buckhuser,Restaurant,47.3837393,8.4925808
Binz Pasta e Pizza House,Restaurant,47.3611277,8.5174484
Napa Grill,Restaurant,47.36482,8.5254957
Wirtschaft zur Schützenstube,Restaurant,47.4097807,8.4967983
Pizzeria Bella Napoli,Restaurant,47.3700976,8.5131792
Tiny Fish,Restaurant,47.4135312,8.5515385
Leafs Restaurant,Restaurant,47.3595759,8.5247174
Restaurant Lengg,Restaurant,47.3500502,8.5710357
Muggenbühl,Restaurant,47.3507677,8.5266714
Ornellaia,Restaurant,47.372457,8.5376855
Stars and Stripes,Restaurant,47.4115465,8.5443658
La Piazza,Restaurant,47.3606107,8.5072374
SBB Restaurant Reparaturcenter Altstetten,Restaurant,47.3856708,8.5070612
mit&ohne,Restaurant,47.375895,8.5161558
Tenz,Restaurant,47.3761214,8.5155216
Tuscany,Restaurant,47.3987529,8.5924125
Vemezza,Restaurant,47.3687901,8.533995
Cinnamon Garden,Restaurant,47.4192953,8.5052369
Clubhaus TC Im Hau,Restaurant,47.3647126,8.6019606
Clubhaus TC Fluntern,Restaurant,47.3831358,8.5756144
Clubhaus TC Valsana,Restaurant,47.4235012,8.4922155
Clubhaus TC Escher-Wyss,Restaurant,47.4097583,8.5584053
TCB Restaurant,Restaurant,47.3541229,8.502489
Clubhaus TC Uetliberg,Restaurant,47.3526531,8.5052902
Sappo,Restaurant,47.3844486,8.5283789
Hatecke,Restaurant,47.3759262,8.5365978
Kitchen Republic,Restaurant,47.3889173,8.5222924
Gaucho,Restaurant,47.3798059,8.5257791
Merhaba,Restaurant,47.4106932,8.5695925
Azzurro,Restaurant,47.3870802,8.500985
Mensa UZH Zentrum (Obere Mensa),Restaurant,47.3739705,8.5482357
Mensa UZH Zentrum Mercato (Untere Mensa),Restaurant,47.3738499,8.5482495
Vegan Troja,Restaurant,47.3936238,8.5287193
Bunt,Restaurant,47.3919503,8.4912592
Grotto Reale,Restaurant,47.374705,8.5127117
Züri MoMo Tibetan Food,Restaurant,47.3888471,8.4950699
Vee's Bistro,Restaurant,47.3650602,8.5328569
Uto,Restaurant,47.3716047,8.5211695
Hoikoi,Restaurant,47.3752026,8.5169277
La Soupière,Restaurant,47.3769342,8.5393403
EPI Park Restaurant,Restaurant,47.3487199,8.5682582
Ribelli,Restaurant,47.3912171,8.5097545
Mensa UZH Binzmühle,Restaurant,47.4143458,8.549391
Jungholz,Restaurant,47.4154095,8.5433938
Amy‘s,Restaurant,47.3877848,8.4969898
La Bottega di Mario,Restaurant,47.3712595,8.5376179
Lunchmarket,Restaurant,47.3850743,8.4924041
Roi-Et,Restaurant,47.3805838,8.5261448
Restaurant Bullinger,Restaurant,47.3808192,8.5106323
Asiaway,Restaurant,47.4079984,8.5471802
Japan saku,Restaurant,47.3643245,8.5478329
Hammam Salon,Restaurant,47.3569676,8.5586356
La Rôtisserie Storchen,Restaurant,47.3711803,8.5418034
Émile,Restaurant,47.367541,8.5398194
parkhuus,Restaurant,47.3666944,8.5361051
Mythos,Restaurant,47.3737799,8.5285146
Zunfthaus zur Haue,Restaurant,47.3713843,8.5431142
The Yard,Restaurant,47.3759287,8.5276269
Tsukada Gaijin Izakaya,Restaurant,47.3778441,8.5295709
Ristorante Zafferano,Restaurant,47.371481,8.5430801
Vrenelisgärtli,Restaurant,47.3677807,8.505399
Shilla Chicken,Restaurant,47.3734542,8.5358956
Europa,Restaurant,47.3666017,8.5575853
Restaurant Swiss Chuchi,Restaurant,47.3731521,8.5436419
Restaurant Bar Anna,Restaurant,47.3992912,8.5401245
Legend Döner,Restaurant,47.4178276,8.5460313
Granò,Restaurant,47.3771838,8.5132636
Delicias latinas Zurich,Restaurant,47.376186,8.5153905
Le Relais de l'Entrecôte,Restaurant,47.3705792,8.5406702
Loi,Restaurant,47.3892343,8.5250511
Piratino,Restaurant,47.3886514,8.4838939
Al Mouchtar,Restaurant,47.3826361,8.5001788
Amboss Rampe,Restaurant,47.3812815,8.531395
Stadtkäserei,Restaurant,47.3802884,8.5344583
Tayyeb,Restaurant,47.4037499,8.5683398
Machida Shoten,Restaurant,47.3774336,8.5127223
Williams ButchersTable,Restaurant,47.3682436,8.5450622
Thali House,Restaurant,47.3831028,8.5301347
Heisswein,Restaurant,47.3810005,8.5353465
MyVi's,Restaurant,47.3746758,8.5435796
Höngger Oriental Restarant,Restaurant,47.4020655,8.4973963
Dozentenfoyer,Restaurant,47.3763367,8.5475026
Anoah,Restaurant,47.3848545,8.5485426
Börni's Baizli,Restaurant,47.4092599,8.5473466
Gaijin Izakaya,Restaurant,47.3729171,8.5277003
Tapas & Friends,Restaurant,47.3737738,8.5138059
Westhive Kitchen,Restaurant,47.3933418,8.5121558
SRF Live Restaurant & Bar,Restaurant,47.4159991,8.5605055
Ioannis,Restaurant,47.3767548,8.4882098
Lola's Restaurant,Restaurant,47.368721,8.5243812
Clouds,Restaurant,47.3860799,8.5171898
Eclipse Bar & Lounge,Restaurant,47.3406053,8.5299514
Haute,Restaurant,47.3704443,8.5352381
Mori Ramen,Restaurant,47.3703532,8.549533
Associaçâo Portuguesa,Restaurant,47.4069217,8.5363863
Kulturmarkt,Restaurant,47.3717102,8.5152848
Chiffon,Restaurant,47.3725629,8.5477206
La Muña,Restaurant,47.3628911,8.5472553
Chopstick,Restaurant,47.3760514,8.5438763
Pizzeria Venice,Restaurant,47.4227513,8.5513745
Häxehüüsli,Restaurant,47.3757667,8.4769888
Emilio,Restaurant,47.3729175,8.5272115
Osso,Restaurant,47.3816304,8.529384
La Santa Sete,Restaurant,47.381234,8.5309594
Ojo de Agua,Restaurant,47.3739113,8.5394258
Fischerstube Zürihorn,Restaurant,47.3530226,8.5505084
Lux,Restaurant,47.365622,8.5383138
Casco Viejo,Restaurant,47.3732378,8.5434215
Sushi Shin,Restaurant,47.370499,8.5413961
Datto,Restaurant,47.3585135,8.5232322
Fischergarten,Restaurant,47.3529697,8.5511478
Urimi Restaurant und Bäckerei,Restaurant,47.4032855,8.5886439
1Komma7,Restaurant,47.3663842,8.5383568
Restaurant Stadiönli,Restaurant,47.4120998,8.5550208
Blaue Ente,Restaurant,47.3519503,8.5611316
Kaisin,Restaurant,47.3604079,8.5339937
Nüni,Restaurant,47.3878932,8.499702
Mohini,Restaurant,47.3781881,8.5441334
Octavo,Restaurant,47.4132592,8.5366815
Fischerstube See Theke,Restaurant,47.3529891,8.5510576
La Casa d’Oc,Restaurant,47.3452929,8.5337326
Pizzeria Felice,Restaurant,47.3730227,8.518203
Rémy,Restaurant,47.3734505,8.5196917
Pizza Binz,Restaurant,47.3617013,8.5163091
barfüsser,Restaurant,47.3735325,8.5440118
Vito,Restaurant,47.3783449,8.5357764
Noon,Restaurant,47.3686967,8.5454206
Riverside,Restaurant,47.3982608,8.492478
La Lup,Restaurant,47.3625417,8.5221221
Himalaya Burger & Co.,Restaurant,47.3921578,8.5126887
The Penthouse Zurich,Restaurant,47.3631452,8.4956889
Habesha,Restaurant,47.3771247,8.5232803
Shahba Rose,Restaurant,47.4178923,8.546588
Micas Garten,Restaurant,47.3935167,8.475864
Rashim's Kitchen,Restaurant,47.3872533,8.4876631
Farfalla,Restaurant,47.3800966,8.4844491
3 Spitz,Restaurant,47.4080788,8.5656791
Jeff’s Smashing Bistro,Restaurant,47.409727,8.5583146
Rice Up!,Restaurant,47.376313,8.5373957
Yakamoz,Restaurant,47.4051819,8.5705089
Zett,Restaurant,47.3945841,8.4798999
Winit's TakeAway,Restaurant,47.3439691,8.5314061
Jack's Cevap House,Restaurant,47.3943706,8.4867095
Fattoush,Restaurant,47.3715683,8.5255105
Soi Thai,Restaurant,47.3684091,8.5478024
Museumscafé,Restaurant,47.3828255,8.5357026
AURA 800° Grill & Bar,Restaurant,47.3686081,8.537791
PUTPUTakeaway,Restaurant,47.3764992,8.5252048
La Mirada,Restaurant,47.3677107,8.5545051
Kleinwäscherei,Restaurant,47.3870148,8.5201885
Butegar,Restaurant,47.3724559,8.523149
Simon Says Taste Taiwan,Restaurant,47.3787381,8.5277431
Alegria,Restaurant,47.345271,8.533789
Disco Volante,Restaurant,47.3806824,8.5271354
Restaurant Leonhard,Restaurant,47.3772897,8.5459039
Bill's Burger,Restaurant,47.3929208,8.5120131
Leo,Restaurant,47.3758207,8.5382808
Roof Garden,Restaurant,47.3759329,8.5378026
Stadtspital Zürich Triemli,Restaurant,47.3669087,8.4972102
Riviera,Restaurant,47.3830089,8.5303012
Minimum,Restaurant,47.381824,8.4954653
Wiesli 30,Restaurant,47.354368,8.598452
Elmira,Restaurant,47.3889195,8.5264887
Tokyo Express @ bridge,Restaurant,47.3787745,8.5336711
Liyu,Restaurant,47.3705203,8.516875
Mai-Wok,Restaurant,47.3707964,8.5230471
DaPizi,Restaurant,47.3812322,8.5331802
Hirschli,Restaurant,47.3708839,8.5463951
Orient World,Restaurant,47.3788419,8.545135
Sapa Canteen,Restaurant,47.3800211,8.5422229
Loving Lanka,Restaurant,47.3802994,8.4894491
Piaceri del Sud,Restaurant,47.3588477,8.5801719
Masal Dosa,Restaurant,47.4150211,8.5453199
differente,Restaurant,47.3881157,8.5390656
tsuru tsuu noodlebar,Restaurant,47.3761906,8.5401823
Lumière,Restaurant,47.3721352,8.540089
mi-te,Restaurant,47.3791998,8.5479282
Mesa Madrid,Restaurant,47.3833749,8.5431961
Haus am Fluss Asian Food Hall & Bar,Restaurant,47.3889262,8.5281915
OASE,Restaurant,47.3682297,8.5574355
Hikari,Restaurant,47.3709215,8.5220385
Shinsen,Restaurant,47.3614048,8.5213645
Bistro Pinto Take Away,Restaurant,47.3872577,8.540021
Restaurant zum weissen Kreuz,Restaurant,47.3692127,8.544265
Casi Casa,Restaurant,47.3800736,8.5289015
Thai Bogie,Restaurant,47.417255,8.5393882
roots kitchen,Restaurant,47.3923728,8.5104083
Wirtschaft zum Transit,Restaurant,47.3923769,8.4984989
Charlatan Restodisco,Restaurant,47.3798514,8.5284862
Hallo Beirut,Restaurant,47.4094948,8.545125
L'Adoro,Restaurant,47.4298836,8.5448715
Casa Aurelio,Restaurant,47.3831405,8.5297441
Restaurant Dreieck,Restaurant,47.3641277,8.5102339
Restaurant Lumar,Restaurant,47.4021509,8.4976259
Chicago 1928,Restaurant,47.4119546,8.5396268
Ameo,Restaurant,47.3716984,8.5197963
Da Bella Italia,Restaurant,47.4232082,8.4994145
JIAOZI,Restaurant,47.3823411,8.5300095
Nordstern,Restaurant,47.4284096,8.546636
Kailash Parbat,Restaurant,47.3679576,8.5370912
Lalin,Restaurant,47.3741964,8.5163138
Angry Chicken,Restaurant,47.3887574,8.5223451
Bimbi's Take Away,Restaurant,47.3825112,8.5414846
MO Jasmine Restaurant,Restaurant,47.3872401,8.4877586
Banhmi Bao,Restaurant,47.4093363,8.5470441
Reserva Lounge,Restaurant,47.3694364,8.5440347
Da Vinci,Restaurant,47.4182416,8.5555132
Kantine F+F,Restaurant,47.3818434,8.4927361
Han Kitchen,Restaurant,47.4096572,8.5424482
Lia Siam,Restaurant,47.3973065,8.5409593
Archimedes,Restaurant,47.3773873,8.5532169
fink's,Restaurant,47.3817769,8.5339618
La Regina,Restaurant,47.4023349,8.5525374
Izabela's Kitchen,Restaurant,47.3291584,8.5085518
Piazza 106,Restaurant,47.3931061,8.4859908
Edi,Restaurant,47.3886532,8.5392721
Knödl,Restaurant,47.3791622,8.5246394
Yilong Asia,Restaurant,47.3798335,8.5250002
Intermezzo,Restaurant,47.3837329,8.4925606
Urbansurf Zurich,Restaurant,47.3850131,8.5200351
Ooki Temporary,Restaurant,47.3863109,8.5169496
Neri,Restaurant,47.3922718,8.5315976
Spoon Thai Kitchen,Restaurant,47.3632634,8.5333524
Amigos Tapas,Restaurant,47.37359,8.5441354
Weera Pura,Restaurant,47.3571792,8.5531184
Vitabella,Restaurant,47.4175762,8.5551599
ALBA,Restaurant,47.3686243,8.5009579
Mikuriya,Restaurant,47.3728228,8.5733976
Saltz,Restaurant,47.3727477,8.5729014
The Restaurant,Restaurant,47.3727248,8.5727507
Widder Restaurant,Restaurant,47.3722677,8.539968
Flavour Kitchen,Restaurant,47.3719091,8.5269863
Happy Panda,Restaurant,47.3777441,8.526895
Razzia Restaurant,Restaurant,47.3608124,8.5516525
The South Indian,Restaurant,47.3741387,8.5441423
Karmi's,Restaurant,47.3780429,8.5296209
La Rosa Bianca,Restaurant,47.40311,8.5760801
Borderless Kitchen popup,Restaurant,47.3837006,8.5284303
BaoBae,Restaurant,47.3760394,8.5150678
baba’s döner,Restaurant,47.4112902,8.5462929
Spoon Schiffbau,Restaurant,47.3884549,8.5190657
Conrad,Restaurant,47.3729172,8.5364627
Mama Shelter Restaurant,Restaurant,47.4108718,8.543992
Miso Bar Binz,Restaurant,47.3620939,8.5134322
Maru,Restaurant,47.3789711,8.5267429
Restaurant Tilia,Restaurant,47.4076852,8.5494149
Cucina itameshi,Restaurant,47.3728285,8.5456439
OMA MAO,Restaurant,47.3804002,8.5250743
Il Pantheon,Restaurant,47.4054601,8.4805457
Charlie's Corner,Restaurant,47.4160032,8.5586163
Payam,Restaurant,47.3992038,8.4978246
Char,Restaurant,47.3682117,8.5220998
Seerose Irchel,Restaurant,47.3972404,8.5481358
Mensa Irchel,Restaurant,47.3971646,8.5482446
Mews Table,Restaurant,47.3690554,8.5385801
Cindys Bistro,Restaurant,47.3772862,8.5291308
be/at,Restaurant,47.4137023,8.5549403
Pizzeria Turicum,Restaurant,47.3909903,8.478422
Gallery,Restaurant,47.4165235,8.5555105
Arnold Kiosk,Restaurant,47.3672999,8.5410746
Shokudo Izakaya,Restaurant,47.3757121,8.5292497
Typisch Spanisch,Restaurant,47.3626283,8.5121351
Ciao Cucina,Restaurant,47.3626932,8.512105
AM DAMM,Restaurant,47.3883625,8.5264736
Lunch 5,Restaurant,47.3920021,8.5150704
Pizzeria Gabbiano,Restaurant,47.4097821,8.5374762
Cafeteria Amtshaus Walche,Restaurant,47.3821442,8.5407585
basic @ bridge,Restaurant,47.3788678,8.533983
the grill @ bridge,Restaurant,47.3788641,8.5336566
puci's @ bridge,Restaurant,47.3789005,8.533561
Fork & Bottle,Restaurant,47.3522686,8.5243741
The Barn,Restaurant,47.3524716,8.5240878
"KV, Zürich SV Restaurant",Restaurant,47.3898093,8.5243341
Pier 7,Restaurant,47.3679451,8.5434919
Samigo,Restaurant,47.3588576,8.5369556
Bauschänzli,Restaurant,47.3678613,8.5423935
Seerose,Restaurant,47.3383977,8.5405188
Tessin Grotto,Restaurant,47.4033345,8.5160468
Mensa Kantonsschule Zürich Nord,Restaurant,47.4082458,8.5360242
Restaurant Hüsli,Restaurant,47.3284381,8.5124056
Sternen Albisrieden,Restaurant,47.3751798,8.4847303
Restaurant TC-E,Restaurant,47.3530385,8.5070527
Wild West Steakhouse Texas,Restaurant,47.3969729,8.5455104
La Scarpetta,Restaurant,47.353171,8.5776084
Linde Oberstrass,Restaurant,47.3834499,8.54795
Gandria,Restaurant,47.356968,8.5575105
Altes Klösterli,Restaurant,47.3870908,8.5754964
Restaurant Fischerstube,Restaurant,47.3530184,8.5505547
Bürgli,Restaurant,47.3430764,8.5335417
Degenried,Restaurant,47.3674235,8.5792292
Zur oberen Flühgasse,Restaurant,47.3503182,8.567219
Birchegg,Restaurant,47.4036716,8.5340883
Uto Staffel,Restaurant,47.3477592,8.4945662
Restaurant Neudorf,Restaurant,47.4118193,8.5557594
Schützenruh,Restaurant,47.353832,8.5120014
Clubhaus TC Belvoir,Restaurant,47.3548905,8.5332007
Bellavista,Restaurant,47.4104313,8.5096102
Cafeteria Atrium,Restaurant,47.3971207,8.549606
Panorama Stube,Restaurant,47.351306,8.5101719
Swisscom Restaurant Binz,Restaurant,47.362376,8.5100919
Swiss Life Restaurant Binz49,Restaurant,47.3617286,8.5104726
Haferl & Seidl,Restaurant,47.3630556,8.5165345
White Elephant,Restaurant,47.3827694,8.5403873
Gül,Restaurant,47.3784912,8.5291495
SV Food Market Mensa,Restaurant,47.4078214,8.5097392
Derma Medical Clinic AG,Spital,47.3576161,8.5230804
Derma Medical Clinic,Spital,47.3569508,8.5235519
Careum Hochhaus,Spital,47.3744134,8.5521327
Fachspital Sune-Egge,Spital,47.4149478,8.5174371
Hirslanden Herzzentrum,Spital,47.351893,8.5761561
Stadtspital Triemli,Spital,47.3664766,8.4974544
Klinik Bethanien,Spital,47.3808225,8.5575122
Stadtspital Waid,Spital,47.3984054,8.5204274
Universitätsspital Zürich,Spital,47.3777544,8.5507671
Universitäts-Kinderspital Zürich,Spital,47.3523955,8.571234
Unbekannt,Gruenflaeche,47.3631129,8.5645897
Unbekannt,Gruenflaeche,47.3606397,8.5313439
Unbekannt,Gruenflaeche,47.3872403,8.5410261
Unbekannt,Gruenflaeche,47.3848613,8.5473418
Unbekannt,Gruenflaeche,47.4086844,8.5068089
Unbekannt,Gruenflaeche,47.373634,8.5410617
Unbekannt,Gruenflaeche,47.376362,8.5358531
Unbekannt,Gruenflaeche,47.3756337,8.5258774
Unbekannt,Gruenflaeche,47.3810246,8.4864306
Unbekannt,Gruenflaeche,47.3757938,8.5506404
Unbekannt,Gruenflaeche,47.3716929,8.5522395
Unbekannt,Gruenflaeche,47.361132,8.516938
Unbekannt,Gruenflaeche,47.3591375,8.5166496
Unbekannt,Gruenflaeche,47.3492259,8.561298
Unbekannt,Gruenflaeche,47.3732706,8.5271618
Unbekannt,Gruenflaeche,47.3834796,8.4943961
Unbekannt,Gruenflaeche,47.4135519,8.5460244
Unbekannt,Gruenflaeche,47.3813559,8.5508274
Unbekannt,Gruenflaeche,47.425638,8.4991905
Unbekannt,Gruenflaeche,47.401282,8.5399548
Unbekannt,Gruenflaeche,47.4060219,8.5381549
Unbekannt,Gruenflaeche,47.408539,8.5446997
Unbekannt,Gruenflaeche,47.4067658,8.5468395
Unbekannt,Gruenflaeche,47.3954924,8.5389221
Unbekannt,Gruenflaeche,47.3868671,8.527936
Unbekannt,Gruenflaeche,47.4090444,8.5356644
Unbekannt,Gruenflaeche,47.389937,8.5469851
Unbekannt,Gruenflaeche,47.4102219,8.5510505
Unbekannt,Gruenflaeche,47.3681307,8.5672235
Unbekannt,Gruenflaeche,47.3668555,8.568259
Unbekannt,Gruenflaeche,47.3726561,8.5636062
Unbekannt,Gruenflaeche,47.3672285,8.5657683
Unbekannt,Gruenflaeche,47.3655979,8.5645222
Unbekannt,Gruenflaeche,47.35171,8.5771995
Unbekannt,Gruenflaeche,47.3599866,8.5205077
Unbekannt,Gruenflaeche,47.37721,8.5161338
Unbekannt,Gruenflaeche,47.3771325,8.5165938
Unbekannt,Gruenflaeche,47.3695027,8.5565843
Unbekannt,Gruenflaeche,47.4089273,8.509661
Unbekannt,Gruenflaeche,47.4082542,8.5088567
Unbekannt,Gruenflaeche,47.4227016,8.5483886
Unbekannt,Gruenflaeche,47.3671347,8.5187219
Unbekannt,Gruenflaeche,47.4102612,8.5220782
Unbekannt,Gruenflaeche,47.3712814,8.5057469
Unbekannt,Gruenflaeche,47.4028292,8.4975629
Unbekannt,Gruenflaeche,47.383307,8.5451434
Unbekannt,Gruenflaeche,47.3688701,8.55693
Unbekannt,Gruenflaeche,47.3535871,8.552104
Unbekannt,Gruenflaeche,47.3533311,8.5504098
Unbekannt,Gruenflaeche,47.3547004,8.5504936
Unbekannt,Gruenflaeche,47.3535129,8.5525031
Unbekannt,Gruenflaeche,47.3534298,8.5511732
Unbekannt,Gruenflaeche,47.3537049,8.5504633
Unbekannt,Gruenflaeche,47.3528267,8.5513925
Unbekannt,Gruenflaeche,47.3691925,8.5468444
Unbekannt,Gruenflaeche,47.3743504,8.5254851
Unbekannt,Gruenflaeche,47.3415408,8.5302505
Unbekannt,Gruenflaeche,47.4164625,8.5478544
Unbekannt,Gruenflaeche,47.3777918,8.5484803
Unbekannt,Gruenflaeche,47.3684806,8.5403697
Unbekannt,Gruenflaeche,47.4240017,8.5160434
Unbekannt,Gruenflaeche,47.3664574,8.5084314
Unbekannt,Gruenflaeche,47.3906452,8.5307851
Unbekannt,Gruenflaeche,47.4066105,8.5517125
Unbekannt,Gruenflaeche,47.4116561,8.5254996
Unbekannt,Gruenflaeche,47.3766425,8.5561961
Unbekannt,Gruenflaeche,47.4069011,8.5043064
Unbekannt,Gruenflaeche,47.3706085,8.499128
Unbekannt,Gruenflaeche,47.3888503,8.4736223
Unbekannt,Gruenflaeche,47.4137044,8.5195411
Unbekannt,Gruenflaeche,47.409418,8.5334095
Unbekannt,Gruenflaeche,47.3398718,8.5203875
Unbekannt,Gruenflaeche,47.394864,8.5235779
Unbekannt,Gruenflaeche,47.3647034,8.5138813
Unbekannt,Gruenflaeche,47.4174868,8.5415036
Unbekannt,Gruenflaeche,47.3638078,8.4979091
Unbekannt,Gruenflaeche,47.3790436,8.495336
Unbekannt,Gruenflaeche,47.3315548,8.5164661
Unbekannt,Gruenflaeche,47.3299664,8.530516
Unbekannt,Gruenflaeche,47.3477334,8.5723698
Unbekannt,Gruenflaeche,47.3497456,8.527727
Unbekannt,Gruenflaeche,47.4183348,8.5445917
Unbekannt,Gruenflaeche,47.3716192,8.5155821
Unbekannt,Gruenflaeche,47.3386876,8.5200173
Unbekannt,Gruenflaeche,47.358562,8.5205914
Unbekannt,Gruenflaeche,47.3917074,8.5085064
Unbekannt,Gruenflaeche,47.3619219,8.5089056
Unbekannt,Gruenflaeche,47.3635001,8.5111957
Unbekannt,Gruenflaeche,47.4086832,8.5644687
Unbekannt,Gruenflaeche,47.4115745,8.5586038
Unbekannt,Gruenflaeche,47.4072776,8.5724805
Unbekannt,Gruenflaeche,47.4057843,8.568919
Unbekannt,Gruenflaeche,47.4061765,8.567874
Unbekannt,Gruenflaeche,47.4101369,8.5578023
Unbekannt,Gruenflaeche,47.4132963,8.571695
Unbekannt,Gruenflaeche,47.4134164,8.5716877
Unbekannt,Gruenflaeche,47.4133655,8.5718509
Unbekannt,Gruenflaeche,47.4065568,8.5521906
Unbekannt,Gruenflaeche,47.4069572,8.5520153
Unbekannt,Gruenflaeche,47.4092088,8.5586487
Unbekannt,Gruenflaeche,47.4085527,8.5586776
Unbekannt,Gruenflaeche,47.3762464,8.4935839
Unbekannt,Gruenflaeche,47.4040297,8.5621977
Unbekannt,Gruenflaeche,47.4039904,8.5619816
Unbekannt,Gruenflaeche,47.4035192,8.5703918
Unbekannt,Gruenflaeche,47.4054273,8.5726199
Unbekannt,Gruenflaeche,47.4055186,8.5728399
Unbekannt,Gruenflaeche,47.402336,8.5911541
Unbekannt,Gruenflaeche,47.3987357,8.5736401
Unbekannt,Gruenflaeche,47.3985309,8.5737869
Unbekannt,Gruenflaeche,47.3964677,8.4901663
Unbekannt,Gruenflaeche,47.3559555,8.5508936
Unbekannt,Gruenflaeche,47.3729671,8.5493835
Unbekannt,Gruenflaeche,47.3743845,8.5494026
Unbekannt,Gruenflaeche,47.3836883,8.5464783
Unbekannt,Gruenflaeche,47.3612081,8.5047085
Unbekannt,Gruenflaeche,47.3608056,8.506184
Unbekannt,Gruenflaeche,47.4036421,8.5745682
Unbekannt,Gruenflaeche,47.3766062,8.5550396
Unbekannt,Gruenflaeche,47.3936104,8.5447087
Unbekannt,Gruenflaeche,47.4061521,8.5461685
Unbekannt,Gruenflaeche,47.4243399,8.4998278
Unbekannt,Gruenflaeche,47.4248327,8.4985169
Unbekannt,Gruenflaeche,47.3810598,8.5315826
Unbekannt,Gruenflaeche,47.3473401,8.5349696
Unbekannt,Gruenflaeche,47.3385373,8.5305146
Unbekannt,Gruenflaeche,47.3304502,8.5343045
Unbekannt,Gruenflaeche,47.3710405,8.515702
Unbekannt,Gruenflaeche,47.400559,8.5507287
Unbekannt,Gruenflaeche,47.3932823,8.4893582
Unbekannt,Gruenflaeche,47.345118,8.5339565
Unbekannt,Gruenflaeche,47.3665454,8.5237676
Unbekannt,Gruenflaeche,47.4189975,8.5093917
Unbekannt,Restaurant,47.3749773,8.5179798
Unbekannt,Restaurant,47.409727,8.5063263
Unbekannt,Restaurant,47.409418,8.5504193
